gene_id,fig_id,dict_id,ocr_id,gene_BBox,display_text,fig_id,fig_name,fig_file,height,width,fig_title,fig_caption,review_status,fig_path,reviewer_name
11774,320,31088,318,"479,80,29,10",EPC,320,PMC6681686__medscimonit-25-5572-g005.jpg,,480,640,test,test,1,static/imgs/validation/,Joshua
11775,320,2390,318,"84,124,32,11",OPG,320,PMC6681686__medscimonit-25-5572-g005.jpg,,480,640,test,test,1,static/imgs/validation/,Joshua
11776,320,,318,"287,135,66,18",AMD3100,320,PMC6681686__medscimonit-25-5572-g005.jpg,,480,640,test,test,1,static/imgs/validation/,Joshua
11777,320,5452,318,"231,212,51,11",CXCR4,320,PMC6681686__medscimonit-25-5572-g005.jpg,,480,640,test,test,1,static/imgs/validation/,Joshua
11778,320,9598,318,"160,289,14,8",GA,320,PMC6681686__medscimonit-25-5572-g005.jpg,,480,640,test,test,1,static/imgs/validation/,Joshua
11779,320,17756,318,"122,311,14,10",GB,320,PMC6681686__medscimonit-25-5572-g005.jpg,,480,640,test,test,1,static/imgs/validation/,Joshua
11780,320,,318,"179,345,66,17",LY294002,320,PMC6681686__medscimonit-25-5572-g005.jpg,,480,640,test,test,1,static/imgs/validation/,Joshua
11783,320,,318,"356,384,29,10", AKT,320,PMC6681686__medscimonit-25-5572-g005.jpg,,480,640,test,test,1,static/imgs/validation/,Joshua
11786,320,22009,318,"139,424,32,10",PI3K,320,PMC6681686__medscimonit-25-5572-g005.jpg,,480,640,test,test,1,static/imgs/validation/,Joshua
47280,320,,318,"498,338,128,95",Cell proliferation and migration,320,PMC6681686__medscimonit-25-5572-g005.jpg,,480,640,test,test,1,static/imgs/validation/,Joshua
47281,320,,318,"106,273,21,17",Gy,320,PMC6681686__medscimonit-25-5572-g005.jpg,,480,640,test,test,1,static/imgs/validation/,Joshua
13419,345,,343,"277,6,117,19",CADMIUM,345,PMC3655991__pone.0064344.g007.jpg,,852,674,test,test,1,static/imgs/validation/,Stuart
13422,345,17756,343,"350,188,64,18",MLST8,345,PMC3655991__pone.0064344.g007.jpg,,852,674,test,test,1,static/imgs/validation/,Stuart
13423,345,5137,343,"277,216,106,18",mTORC1,345,PMC3655991__pone.0064344.g007.jpg,,852,674,test,test,1,static/imgs/validation/,Stuart
13424,345,30394,343,"256,250,64,22",RAPTOR,345,PMC3655991__pone.0064344.g007.jpg,,852,674,test,test,1,static/imgs/validation/,Stuart
13425,345,7070,343,"62,361,71,19",PERK,345,PMC3655991__pone.0064344.g007.jpg,,852,674,test,test,1,static/imgs/validation/,Stuart
13426,345,7476,343,"305,358,58,21",IRE1,345,PMC3655991__pone.0064344.g007.jpg,,852,674,test,test,1,static/imgs/validation/,Stuart
13427,345,1608,343,"530,362,64,18",ATF6,345,PMC3655991__pone.0064344.g007.jpg,,852,674,test,test,1,static/imgs/validation/,Stuart
13432,345,15310,343,"178,701,44,17",JNK,345,PMC3655991__pone.0064344.g007.jpg,,852,674,test,test,1,static/imgs/validation/,Stuart
13433,345,,343,"412,699,108,32",XBP1(S),345,PMC3655991__pone.0064344.g007.jpg,,852,674,test,test,1,static/imgs/validation/,Stuart
13434,345,,343,"250,807,172,36",APOPTOSIS,345,PMC3655991__pone.0064344.g007.jpg,,852,674,test,test,1,static/imgs/validation/,Stuart
47145,345,28324,343,"234,93,206,31",ROS generation,345,PMC3655991__pone.0064344.g007.jpg,,852,674,test,test,1,static/imgs/validation/,Stuart
47146,345,7476,343,"209,511,69,45",Kinase domain,345,PMC3655991__pone.0064344.g007.jpg,,852,674,test,test,1,static/imgs/validation/,Stuart
47147,345,15310,343,"352,623,74,45",RNase domain,345,PMC3655991__pone.0064344.g007.jpg,,852,674,test,test,1,static/imgs/validation/,Stuart
15126,375,,373,"404,74,169,30",JAGGED,375,PMC3365567__nihms378339f1.jpg,,1050,782,test,test,1,static/imgs/validation/,Stuart
15131,375,,373,"364,834,131,45", MAML,375,PMC3365567__nihms378339f1.jpg,,1050,782,test,test,1,static/imgs/validation/,Stuart
15132,375,,373,"12,872,287,49",CO-REPRESSORS,375,PMC3365567__nihms378339f1.jpg,,1050,782,test,test,1,static/imgs/validation/,Stuart
15133,375,,373,"178,938,123,39", CBF1,375,PMC3365567__nihms378339f1.jpg,,1050,782,test,test,1,static/imgs/validation/,Stuart
15135,375,,373,"575,951,168,30",TARGETS,375,PMC3365567__nihms378339f1.jpg,,1050,782,test,test,1,static/imgs/validation/,Stuart
15136,375,,373,"532,984,82,46", HES,375,PMC3365567__nihms378339f1.jpg,,1050,782,test,test,1,static/imgs/validation/,Stuart
15137,375,10555,373,"630,989,73,38",HEY,375,PMC3365567__nihms378339f1.jpg,,1050,782,test,test,1,static/imgs/validation/,Stuart
47152,375,2310,373,"135,34,174,119",DELTA-LIKE,375,PMC3365567__nihms378339f1.jpg,,1050,782,test,test,1,static/imgs/validation/,Stuart
47153,375,2310,373,"61,310,101,170",NOTCH,375,PMC3365567__nihms378339f1.jpg,,1050,782,test,test,1,static/imgs/validation/,Stuart
47154,375,2310,373,"70,475,80,113",NICD,375,PMC3365567__nihms378339f1.jpg,,1050,782,test,test,1,static/imgs/validation/,Stuart
47155,375,2310,373,"37,739,186,86",nucleus,375,PMC3365567__nihms378339f1.jpg,,1050,782,test,test,1,static/imgs/validation/,Stuart
47156,375,2310,373,"453,768,51,121",NICD,375,PMC3365567__nihms378339f1.jpg,,1050,782,test,test,1,static/imgs/validation/,Stuart
47157,375,2310,373,"253,312,168,75",alpha-secretase,375,PMC3365567__nihms378339f1.jpg,,1050,782,test,test,1,static/imgs/validation/,Stuart
47158,375,2310,373,"263,441,172,79",gamma-secretase,375,PMC3365567__nihms378339f1.jpg,,1050,782,test,test,1,static/imgs/validation/,Stuart
47159,375,2310,373,"421,428,70,116",NICD,375,PMC3365567__nihms378339f1.jpg,,1050,782,test,test,1,static/imgs/validation/,Stuart
47160,375,2310,373,"551,233,89,166",NOTCH,375,PMC3365567__nihms378339f1.jpg,,1050,782,test,test,1,static/imgs/validation/,Stuart
47161,375,2310,373,"705,987,64,38",etc,375,PMC3365567__nihms378339f1.jpg,,1050,782,test,test,1,static/imgs/validation/,Stuart
47528,375,24067,373,"419,931,113,49",CBF1,375,PMC3365567__nihms378339f1.jpg,,1050,782,test,test,1,static/imgs/validation/,Stuart
15780,386,,384,"359,11,45,10",TGFBS,386,PMC5541090__41598_2017_6522_Fig1_HTML.jpg,,571,675,test,test,1,static/imgs/validation/,Yijie
15781,386,19752,384,"561,14,39,10",NREP,386,PMC5541090__41598_2017_6522_Fig1_HTML.jpg,,571,675,test,test,1,static/imgs/validation/,Yijie
15782,386,34195,384,"202,96,55,10",TGFBR1,386,PMC5541090__41598_2017_6522_Fig1_HTML.jpg,,571,675,test,test,1,static/imgs/validation/,Yijie
15783,386,34196,384,"270,90,69,19",TGFBR2,386,PMC5541090__41598_2017_6522_Fig1_HTML.jpg,,571,675,test,test,1,static/imgs/validation/,Yijie
15784,386,31933,384,"330,152,49,11",SMAD2,386,PMC5541090__41598_2017_6522_Fig1_HTML.jpg,,571,675,test,test,1,static/imgs/validation/,Yijie
15785,386,31934,384,"331,175,49,11",SMAD3,386,PMC5541090__41598_2017_6522_Fig1_HTML.jpg,,571,675,test,test,1,static/imgs/validation/,Yijie
15786,386,31935,384,"561,206,49,11",SMAD4,386,PMC5541090__41598_2017_6522_Fig1_HTML.jpg,,571,675,test,test,1,static/imgs/validation/,Yijie
15787,386,10624,384,"118,345,40,10",HIPK2,386,PMC5541090__41598_2017_6522_Fig1_HTML.jpg,,571,675,test,test,1,static/imgs/validation/,Yijie
15788,386,22914,384,"420,384,58,10",PRDM16,386,PMC5541090__41598_2017_6522_Fig1_HTML.jpg,,571,675,test,test,1,static/imgs/validation/,Yijie
15789,386,,384,"152,416,102,16",TRANSCRIPTION,386,PMC5541090__41598_2017_6522_Fig1_HTML.jpg,,571,675,test,test,1,static/imgs/validation/,Yijie
15790,386,3801,384,"84,426,29,10",DNA,386,PMC5541090__41598_2017_6522_Fig1_HTML.jpg,,571,675,test,test,1,static/imgs/validation/,Yijie
15876,390,8576,388,"323,19,43,29",PMA,390,PMC4074601__nihms577797f8.jpg,,1050,932,test,test,1,static/imgs/validation/,Stuart
15878,390,,388,"548,160,106,42",RECEPTORS,390,PMC4074601__nihms577797f8.jpg,,1050,932,test,test,1,static/imgs/validation/,Stuart
15879,390,31933,388,"541,212,83,33",SMAD2,390,PMC4074601__nihms577797f8.jpg,,1050,932,test,test,1,static/imgs/validation/,Stuart
15880,390,,388,"44,333,120,39",CYTOPLASM,390,PMC4074601__nihms577797f8.jpg,,1050,932,test,test,1,static/imgs/validation/,Stuart
15881,390,31933,388,"500,365,81,33",SMAD2,390,PMC4074601__nihms577797f8.jpg,,1050,932,test,test,1,static/imgs/validation/,Stuart
15883,390,31933,388,"499,618,81,37",SMAD2,390,PMC4074601__nihms577797f8.jpg,,1050,932,test,test,1,static/imgs/validation/,Stuart
15884,390,,388,"661,592,100,32",APCCDH1,390,PMC4074601__nihms577797f8.jpg,,1050,932,test,test,1,static/imgs/validation/,Stuart
15885,390,,388,"58,680,90,38",NUCLEUS,390,PMC4074601__nihms577797f8.jpg,,1050,932,test,test,1,static/imgs/validation/,Stuart
15886,390,31390,388,"520,752,49,25",SNON,390,PMC4074601__nihms577797f8.jpg,,1050,932,test,test,1,static/imgs/validation/,Stuart
15887,390,31390,388,"722,751,50,26",SNON,390,PMC4074601__nihms577797f8.jpg,,1050,932,test,test,1,static/imgs/validation/,Stuart
15892,390,12570,388,"614,884,59,28",CD61,390,PMC4074601__nihms577797f8.jpg,,1050,932,test,test,1,static/imgs/validation/,Stuart
47162,390,2310,388,"470,11,104,43",Activin A,390,PMC4074601__nihms577797f8.jpg,,1050,932,test,test,1,static/imgs/validation/,Stuart
47163,390,2310,388,"451,903,45,37",TFs,390,PMC4074601__nihms577797f8.jpg,,1050,932,test,test,1,static/imgs/validation/,Stuart
47164,390,2310,388,"233,876,104,45",Activin A,390,PMC4074601__nihms577797f8.jpg,,1050,932,test,test,1,static/imgs/validation/,Stuart
47165,390,2310,388,"481,868,80,40",RNAP II,390,PMC4074601__nihms577797f8.jpg,,1050,932,test,test,1,static/imgs/validation/,Stuart
16049,394,,392,"275,227,67,14",ATIR/p38,394,PMC5238375__srep40523-f2.jpg,,763,675,test,test,1,static/imgs/validation/,Ziting
16050,394,15298,392,"349,227,44,11",MAPK2,394,PMC5238375__srep40523-f2.jpg,,763,675,test,test,1,static/imgs/validation/,Ziting
16051,394,,392,"626,311,26,10", PFD,394,PMC5238375__srep40523-f2.jpg,,763,675,test,test,1,static/imgs/validation/,Ziting
16052,394,,392,"20,327,27,10", PFD,394,PMC5238375__srep40523-f2.jpg,,763,675,test,test,1,static/imgs/validation/,Ziting
16053,394,184,392,"343,326,38,11",ACE2,394,PMC5238375__srep40523-f2.jpg,,763,675,test,test,1,static/imgs/validation/,Ziting
16054,394,183,392,"257,344,30,11",ACE,394,PMC5238375__srep40523-f2.jpg,,763,675,test,test,1,static/imgs/validation/,Ziting
16055,394,19710,392,"486,380,43,10",LXR-A,394,PMC5238375__srep40523-f2.jpg,,763,675,test,test,1,static/imgs/validation/,Ziting
16056,394,19710,392,"126,387,44,11",LXR-A,394,PMC5238375__srep40523-f2.jpg,,763,675,test,test,1,static/imgs/validation/,Ziting
16057,394,876,392,"334,419,59,14",ANG,394,PMC5238375__srep40523-f2.jpg,,763,675,test,test,1,static/imgs/validation/,Ziting
16058,394,876,392,"260,452,25,14",ANG,394,PMC5238375__srep40523-f2.jpg,,763,675,test,test,1,static/imgs/validation/,Ziting
16060,394,15212,392,"343,516,32,11",MAS,394,PMC5238375__srep40523-f2.jpg,,763,675,test,test,1,static/imgs/validation/,Ziting
16061,394,,392,"260,543,39,11",ATIR,394,PMC5238375__srep40523-f2.jpg,,763,675,test,test,1,static/imgs/validation/,Ziting
47510,394,,392,"263,726,137,29",cardiac fibrosis,394,PMC5238375__srep40523-f2.jpg,,763,675,test,test,1,static/imgs/validation/,Ziting
47527,394,,392,"271,39,97,42",myocardial damage,394,PMC5238375__srep40523-f2.jpg,,763,675,test,test,1,static/imgs/validation/,Ziting
17051,413,4221,411,"231,16,24,10",FSHA,413,PMC6241696__ott-11-8107Fig4.jpg,,624,744,test,test,1,static/imgs/validation/,Ziting
17052,413,8963,411,"226,36,34,10",FSHR,413,PMC6241696__ott-11-8107Fig4.jpg,,624,744,test,test,1,static/imgs/validation/,Ziting
17053,413,21261,411,"232,166,27,10",PKAN,413,PMC6241696__ott-11-8107Fig4.jpg,,624,744,test,test,1,static/imgs/validation/,Ziting
17054,413,10122,411,"222,261,46,13",GSK3B,413,PMC6241696__ott-11-8107Fig4.jpg,,624,744,test,test,1,static/imgs/validation/,Ziting
17056,413,19312,411,"218,373,67,12",NFKB1,413,PMC6241696__ott-11-8107Fig4.jpg,,624,744,test,test,1,static/imgs/validation/,Ziting
17057,413,3314,411,"471,376,42,9",CASP3,413,PMC6241696__ott-11-8107Fig4.jpg,,624,744,test,test,1,static/imgs/validation/,Ziting
17058,413,,411,"239,490,36,14", NFKB1,413,PMC6241696__ott-11-8107Fig4.jpg,,624,744,test,test,1,static/imgs/validation/,Ziting
17890,431,11714,429,"212,13,50,16",IGF1,431,PMC3932947__2040-2392-5-9-7.jpg,,607,600,test,test,1,static/imgs/validation/,Yijie
17891,431,11715,429,"326,13,70,17",IGF1R,431,PMC3932947__2040-2392-5-9-7.jpg,,607,600,test,test,1,static/imgs/validation/,Yijie
17894,431,22009,429,"273,157,53,16",PI3K,431,PMC3932947__2040-2392-5-9-7.jpg,,607,600,test,test,1,static/imgs/validation/,Yijie
17899,431,21628,429,"92,230,58,15",PDK1,431,PMC3932947__2040-2392-5-9-7.jpg,,607,600,test,test,1,static/imgs/validation/,Yijie
17900,431,698,429,"484,235,51,14",AKT,431,PMC3932947__2040-2392-5-9-7.jpg,,607,600,test,test,1,static/imgs/validation/,Yijie
17902,431,9722,429,"21,336,64,21",GNP,431,PMC3932947__2040-2392-5-9-7.jpg,,607,600,test,test,1,static/imgs/validation/,Yijie
17903,431,,429,"465,350,95,18",MTORC1,431,PMC3932947__2040-2392-5-9-7.jpg,,607,600,test,test,1,static/imgs/validation/,Yijie
17907,431,29836,429,"279,429,41,16",S6K,431,PMC3932947__2040-2392-5-9-7.jpg,,607,600,test,test,1,static/imgs/validation/,Yijie
17908,431,,429,"62,477,184,24",DIFFERENTIATION,431,PMC3932947__2040-2392-5-9-7.jpg,,607,600,test,test,1,static/imgs/validation/,Yijie
17909,431,,429,"374,473,150,26",PROLIFERATION,431,PMC3932947__2040-2392-5-9-7.jpg,,607,600,test,test,1,static/imgs/validation/,Yijie
17911,431,7284,429,"287,558,37,15",EN2,431,PMC3932947__2040-2392-5-9-7.jpg,,607,600,test,test,1,static/imgs/validation/,Yijie
18592,446,15300,444,"264,225,85,20",ERK1,446,PMC5482458__pone.0179614.g005.jpg,,774,615,test,test,1,static/imgs/validation/,Ziting
18593,446,,444,"371,385,67,22", ETS1,446,PMC5482458__pone.0179614.g005.jpg,,774,615,test,test,1,static/imgs/validation/,Ziting
20333,484,21608,482,"153,32,65,11",PDGFB,484,PMC5967041__12885_2018_4500_Fig4_HTML.jpg,,679,787,test,test,1,static/imgs/validation/,Ziting
20334,484,3880,482,"519,119,50,12",CDCP1,484,PMC5967041__12885_2018_4500_Fig4_HTML.jpg,,679,787,test,test,1,static/imgs/validation/,Ziting
20335,484,21612,482,"268,152,64,15",PDGFRB,484,PMC5967041__12885_2018_4500_Fig4_HTML.jpg,,679,787,test,test,1,static/imgs/validation/,Ziting
20338,484,7388,482,"255,537,45,17",ERK,484,PMC5967041__12885_2018_4500_Fig4_HTML.jpg,,679,787,test,test,1,static/imgs/validation/,Ziting
20339,484,1154,482,"380,534,53,18",mRNA,484,PMC5967041__12885_2018_4500_Fig4_HTML.jpg,,679,787,test,test,1,static/imgs/validation/,Ziting
20340,484,,482,"256,632,49,11",UO126,484,PMC5967041__12885_2018_4500_Fig4_HTML.jpg,,679,787,test,test,1,static/imgs/validation/,Ziting
47523,484,,482,"622,508,125,47",protein neo-synthesis,484,PMC5967041__12885_2018_4500_Fig4_HTML.jpg,,679,787,test,test,1,static/imgs/validation/,Ziting
21419,502,,500,"253,0,110,20",RADIATION,502,PMC3341532__nihms-362544-f0008.jpg,,485,600,test,test,1,static/imgs/validation/,Joshua
21420,502,,500,"290,109,34,13", ROS,502,PMC3341532__nihms-362544-f0008.jpg,,485,600,test,test,1,static/imgs/validation/,Joshua
21421,502,,500,"452,105,78,23",PPARS,502,PMC3341532__nihms-362544-f0008.jpg,,485,600,test,test,1,static/imgs/validation/,Joshua
21422,502,,500,"9,188,87,26",PPARS,502,PMC3341532__nihms-362544-f0008.jpg,,485,600,test,test,1,static/imgs/validation/,Joshua
21423,502,,500,"168,193,50,15", NF-KB,502,PMC3341532__nihms-362544-f0008.jpg,,485,600,test,test,1,static/imgs/validation/,Joshua
21427,502,,500,"166,278,40,17", IL-1B,502,PMC3341532__nihms-362544-f0008.jpg,,485,600,test,test,1,static/imgs/validation/,Joshua
21432,502,,500,"195,410,186,17",NEURO-INFLAMMATION,502,PMC3341532__nihms-362544-f0008.jpg,,485,600,test,test,1,static/imgs/validation/,Joshua
47295,502,,500,"336,281,245,22","Cox-2, MCP-1, IL-1B, TNF-a",502,PMC3341532__nihms-362544-f0008.jpg,,485,600,test,test,1,static/imgs/validation/,Joshua
47296,502,,500,"363,192,203,19",PKCa/MEK/ERK/AP-1,502,PMC3341532__nihms-362544-f0008.jpg,,485,600,test,test,1,static/imgs/validation/,Joshua
21704,509,15257,507,"121,342,134,37",MEK1,509,PMC6675870__fphar-10-00784-g006.jpg,,1013,787,test,test,1,static/imgs/validation/,Ziting
21705,509,,507,"438,395,73,22", MCL-1,509,PMC6675870__fphar-10-00784-g006.jpg,,1013,787,test,test,1,static/imgs/validation/,Ziting
21706,509,1983,507,"637,400,54,22",BAX,509,PMC6675870__fphar-10-00784-g006.jpg,,1013,787,test,test,1,static/imgs/validation/,Ziting
21707,509,2023,507,"445,474,72,23",BCL-2,509,PMC6675870__fphar-10-00784-g006.jpg,,1013,787,test,test,1,static/imgs/validation/,Ziting
21708,509,1958,507,"636,475,55,22",BAK,509,PMC6675870__fphar-10-00784-g006.jpg,,1013,787,test,test,1,static/imgs/validation/,Ziting
21709,509,15300,507,"146,494,104,35",ERK1,509,PMC6675870__fphar-10-00784-g006.jpg,,1013,787,test,test,1,static/imgs/validation/,Ziting
47524,509,,507,"2,813,335,65",caspase activation,509,PMC6675870__fphar-10-00784-g006.jpg,,1013,787,test,test,1,static/imgs/validation/,Ziting
47525,509,,507,"31,969,196,43",cell death,509,PMC6675870__fphar-10-00784-g006.jpg,,1013,787,test,test,1,static/imgs/validation/,Ziting
47526,509,,507,"147,169,130,52",chPL,509,PMC6675870__fphar-10-00784-g006.jpg,,1013,787,test,test,1,static/imgs/validation/,Ziting
22029,515,22890,513,"421,86,40,17",PM,515,PMC6322368__medscimonit-24-9413-g008.jpg,,400,640,test,test,1,static/imgs/validation/,Yijie
22030,515,21004,513,"211,115,42,21",ORAI1,515,PMC6322368__medscimonit-24-9413-g008.jpg,,400,640,test,test,1,static/imgs/validation/,Yijie
22031,515,,513,"584,145,39,13", DAG,515,PMC6322368__medscimonit-24-9413-g008.jpg,,400,640,test,test,1,static/imgs/validation/,Yijie
22033,515,33343,513,"74,212,50,14",STIM1,515,PMC6322368__medscimonit-24-9413-g008.jpg,,400,640,test,test,1,static/imgs/validation/,Yijie
22035,515,,513,"520,187,53,12", PKCA,515,PMC6322368__medscimonit-24-9413-g008.jpg,,400,640,test,test,1,static/imgs/validation/,Yijie
22037,515,19314,513,"543,297,26,13",IKB,515,PMC6322368__medscimonit-24-9413-g008.jpg,,400,640,test,test,1,static/imgs/validation/,Yijie
22038,515,,513,"480,317,55,14", NF-KB,515,PMC6322368__medscimonit-24-9413-g008.jpg,,400,640,test,test,1,static/imgs/validation/,Yijie
22039,515,7444,513,"296,309,21,14",ER,515,PMC6322368__medscimonit-24-9413-g008.jpg,,400,640,test,test,1,static/imgs/validation/,Yijie
22306,522,,520,"347,11,125,17",ENDODERM,522,PMC3036164__nihms259428f8.jpg,,600,498,test,test,1,static/imgs/validation/,Stuart
22307,522,708,520,"32,127,66,14",Alcama,522,PMC3036164__nihms259428f8.jpg,,600,498,test,test,1,static/imgs/validation/,Stuart
22308,522,6882,520,"276,165,69,18",EDNRB,522,PMC3036164__nihms259428f8.jpg,,600,498,test,test,1,static/imgs/validation/,Stuart
22309,522,6878,520,"405,209,43,14",EDN1,522,PMC3036164__nihms259428f8.jpg,,600,498,test,test,1,static/imgs/validation/,Stuart
22311,522,,520,"31,330,65,19",NADL1.1,522,PMC3036164__nihms259428f8.jpg,,600,498,test,test,1,static/imgs/validation/,Stuart
22312,522,10337,520,"232,363,54,14",HAND2,522,PMC3036164__nihms259428f8.jpg,,600,498,test,test,1,static/imgs/validation/,Stuart
22313,522,,520,"235,382,46,14",DLX3B,522,PMC3036164__nihms259428f8.jpg,,600,498,test,test,1,static/imgs/validation/,Stuart
22314,522,,520,"235,400,46,15",DLX5A,522,PMC3036164__nihms259428f8.jpg,,600,498,test,test,1,static/imgs/validation/,Stuart
22315,522,,520,"235,419,46,14",DLX6A,522,PMC3036164__nihms259428f8.jpg,,600,498,test,test,1,static/imgs/validation/,Stuart
47174,522,5584,520,"307,448,170,19",NEURAL CREST,522,PMC3036164__nihms259428f8.jpg,,600,498,test,test,1,static/imgs/validation/,Stuart
47175,522,5584,520,"166,520,176,26",NC differentiation,522,PMC3036164__nihms259428f8.jpg,,600,498,test,test,1,static/imgs/validation/,Stuart
47176,522,5584,520,"147,549,220,22",cartilage ventralization,522,PMC3036164__nihms259428f8.jpg,,600,498,test,test,1,static/imgs/validation/,Stuart
47177,522,5584,520,"161,573,185,26",jaw joint formation,522,PMC3036164__nihms259428f8.jpg,,600,498,test,test,1,static/imgs/validation/,Stuart
47529,522,,520,"391,294,82,28",Ednra/b,522,PMC3036164__nihms259428f8.jpg,,600,498,test,test,1,static/imgs/validation/,Stuart
24252,556,,554,"318,83,187,20",SENSORS/MEDIATORS,556,PMC3978517__genes-05-00147-g002.jpg,,626,739,test,test,1,static/imgs/validation/,Yijie
24253,556,10294,554,"50,109,61,22",H2AX,556,PMC3978517__genes-05-00147-g002.jpg,,626,739,test,test,1,static/imgs/validation/,Yijie
24255,556,,554,"160,125,59,27",2009/1/1,556,PMC3978517__genes-05-00147-g002.jpg,,626,739,test,test,1,static/imgs/validation/,Yijie
24256,556,9871,554,"235,124,35,26",RPA,556,PMC3978517__genes-05-00147-g002.jpg,,626,739,test,test,1,static/imgs/validation/,Yijie
24257,556,10294,554,"630,109,60,22",H2AX,556,PMC3978517__genes-05-00147-g002.jpg,,626,739,test,test,1,static/imgs/validation/,Yijie
24258,556,1827,554,"305,129,50,19",ATRIP,556,PMC3978517__genes-05-00147-g002.jpg,,626,739,test,test,1,static/imgs/validation/,Yijie
24259,556,1825,554,"383,129,29,19",ATR,556,PMC3978517__genes-05-00147-g002.jpg,,626,739,test,test,1,static/imgs/validation/,Yijie
24260,556,34922,554,"458,127,60,21",TOPBP1,556,PMC3978517__genes-05-00147-g002.jpg,,626,739,test,test,1,static/imgs/validation/,Yijie
24261,556,,554,"546,127,27,21", FPC,556,PMC3978517__genes-05-00147-g002.jpg,,626,739,test,test,1,static/imgs/validation/,Yijie
24262,556,,554,"335,236,118,16",TRANSDUCERS,556,PMC3978517__genes-05-00147-g002.jpg,,626,739,test,test,1,static/imgs/validation/,Yijie
24265,556,,554,"354,349,84,17",EFFECTORS,556,PMC3978517__genes-05-00147-g002.jpg,,626,739,test,test,1,static/imgs/validation/,Yijie
24266,556,,554,"477,354,106,27","(CDC25A,B,C)",556,PMC3978517__genes-05-00147-g002.jpg,,626,739,test,test,1,static/imgs/validation/,Yijie
24267,556,,554,"355,470,54,18",CDKS,556,PMC3978517__genes-05-00147-g002.jpg,,626,739,test,test,1,static/imgs/validation/,Yijie
24268,556,15736,554,"418,469,40,15",DDK,556,PMC3978517__genes-05-00147-g002.jpg,,626,739,test,test,1,static/imgs/validation/,Yijie
47348,556,,554,"339,2,134,28",DNA DAMAGE,556,PMC3978517__genes-05-00147-g002.jpg,,626,739,test,test,1,static/imgs/validation/,Yijie
47349,556,,554,"475,225,138,31","(CHK1, CHK2)",556,PMC3978517__genes-05-00147-g002.jpg,,626,739,test,test,1,static/imgs/validation/,Yijie
47350,556,,554,"344,580,98,27",CELL CYCLE,556,PMC3978517__genes-05-00147-g002.jpg,,626,739,test,test,1,static/imgs/validation/,Yijie
24295,558,1724,556,"327,14,37,15",TPA,558,PMC5642883__BMRI2017-9592501.008.jpg,,688,668,test,test,1,static/imgs/validation/,Yijie
24296,558,,556,"79,32,95,16",MEMBRANE,558,PMC5642883__BMRI2017-9592501.008.jpg,,688,668,test,test,1,static/imgs/validation/,Yijie
24297,558,,556,"314,192,73,15",MEK1/2,558,PMC5642883__BMRI2017-9592501.008.jpg,,688,668,test,test,1,static/imgs/validation/,Yijie
24298,558,,556,"75,216,67,24",CYTOSOL,558,PMC5642883__BMRI2017-9592501.008.jpg,,688,668,test,test,1,static/imgs/validation/,Yijie
24299,558,,556,"316,313,67,14",ERK1/2,558,PMC5642883__BMRI2017-9592501.008.jpg,,688,668,test,test,1,static/imgs/validation/,Yijie
24300,558,37777,556,"341,443,21,14",XS,558,PMC5642883__BMRI2017-9592501.008.jpg,,688,668,test,test,1,static/imgs/validation/,Yijie
24302,558,37777,556,"339,576,21,15",XS,558,PMC5642883__BMRI2017-9592501.008.jpg,,688,668,test,test,1,static/imgs/validation/,Yijie
24303,558,,556,"76,596,71,15",NUCLEUS,558,PMC5642883__BMRI2017-9592501.008.jpg,,688,668,test,test,1,static/imgs/validation/,Yijie
24304,558,13700,556,"562,620,50,14",LCN2,558,PMC5642883__BMRI2017-9592501.008.jpg,,688,668,test,test,1,static/imgs/validation/,Yijie
24305,558,35333,556,"320,660,38,13",TRE,558,PMC5642883__BMRI2017-9592501.008.jpg,,688,668,test,test,1,static/imgs/validation/,Yijie
25460,581,,579,"577,84,79,12",FIBRONECTIN,581,PMC5908975__fnmol-11-00130-g0007.jpg,,735,661,test,test,1,static/imgs/validation/,Yijie
25461,581,,579,"105,92,76,17",CILENGITIDE,581,PMC5908975__fnmol-11-00130-g0007.jpg,,735,661,test,test,1,static/imgs/validation/,Yijie
25462,581,,579,"395,115,63,18",INTEGRINS,581,PMC5908975__fnmol-11-00130-g0007.jpg,,735,661,test,test,1,static/imgs/validation/,Yijie
25463,581,23425,579,"276,253,26,13",FAK,581,PMC5908975__fnmol-11-00130-g0007.jpg,,735,661,test,test,1,static/imgs/validation/,Yijie
25464,581,,579,"303,281,55,16",PAXILLIN,581,PMC5908975__fnmol-11-00130-g0007.jpg,,735,661,test,test,1,static/imgs/validation/,Yijie
25465,581,,579,"244,409,30,11", AKT,581,PMC5908975__fnmol-11-00130-g0007.jpg,,735,661,test,test,1,static/imgs/validation/,Yijie
25466,581,17772,579,"535,468,50,14",MMP2,581,PMC5908975__fnmol-11-00130-g0007.jpg,,735,661,test,test,1,static/imgs/validation/,Yijie
25467,581,7388,579,"52,486,26,14",ERK,581,PMC5908975__fnmol-11-00130-g0007.jpg,,735,661,test,test,1,static/imgs/validation/,Yijie
25468,581,17776,579,"534,492,51,15",MMP9,581,PMC5908975__fnmol-11-00130-g0007.jpg,,735,661,test,test,1,static/imgs/validation/,Yijie
25469,581,,579,"427,507,38,12",SOX-2,581,PMC5908975__fnmol-11-00130-g0007.jpg,,735,661,test,test,1,static/imgs/validation/,Yijie
25470,581,34938,579,"205,537,26,14",P53,581,PMC5908975__fnmol-11-00130-g0007.jpg,,735,661,test,test,1,static/imgs/validation/,Yijie
25473,581,59,579,"337,585,32,17",P-GP,581,PMC5908975__fnmol-11-00130-g0007.jpg,,735,661,test,test,1,static/imgs/validation/,Yijie
25474,581,,579,"160,629,70,13",APOPTOSIS,581,PMC5908975__fnmol-11-00130-g0007.jpg,,735,661,test,test,1,static/imgs/validation/,Yijie
25475,581,,579,"395,626,103,14",DIFFERENTIATION,581,PMC5908975__fnmol-11-00130-g0007.jpg,,735,661,test,test,1,static/imgs/validation/,Yijie
25478,581,,579,"4,677,88,16",PROLIFERATION,581,PMC5908975__fnmol-11-00130-g0007.jpg,,735,661,test,test,1,static/imgs/validation/,Yijie
25479,581,,579,"230,719,123,13",CHEMORESISTANCE,581,PMC5908975__fnmol-11-00130-g0007.jpg,,735,661,test,test,1,static/imgs/validation/,Yijie
47505,581,,579,"19,580,69,20",CYCLIN D1,581,PMC5908975__fnmol-11-00130-g0007.jpg,,735,661,test,test,1,static/imgs/validation/,Yijie
47506,581,,579,"505,662,117,19",CELL ATTACHMENT,581,PMC5908975__fnmol-11-00130-g0007.jpg,,735,661,test,test,1,static/imgs/validation/,Yijie
26466,601,12608,599,"253,27,82,19",ITSN,601,PMC5148706__nihms828371f2.jpg,,444,600,test,test,1,static/imgs/validation/,Ziting
26467,601,37634,599,"46,141,37,14",WIP,601,PMC5148706__nihms828371f2.jpg,,444,600,test,test,1,static/imgs/validation/,Ziting
26468,601,37495,599,"255,140,79,14",N-WASP,601,PMC5148706__nihms828371f2.jpg,,444,600,test,test,1,static/imgs/validation/,Ziting
26469,601,3847,599,"496,141,59,17",CDC42,601,PMC5148706__nihms828371f2.jpg,,444,600,test,test,1,static/imgs/validation/,Ziting
26470,601,,599,"43,234,87,14",CORTACTIN,601,PMC5148706__nihms828371f2.jpg,,444,600,test,test,1,static/imgs/validation/,Ziting
26471,601,1245,599,"265,263,61,18",ARP,601,PMC5148706__nihms828371f2.jpg,,444,600,test,test,1,static/imgs/validation/,Ziting
47511,601,,599,"200,370,203,64",actln polymerization,601,PMC5148706__nihms828371f2.jpg,,444,600,test,test,1,static/imgs/validation/,Ziting
26803,609,,607,"151,17,57,15",MST1/2,609,PMC5788631__oncotarget-09-2175-g012.jpg,,339,712,test,test,1,static/imgs/validation/,Stuart
26804,609,,607,"159,91,60,15",LAST1/2,609,PMC5788631__oncotarget-09-2175-g012.jpg,,339,712,test,test,1,static/imgs/validation/,Stuart
26806,609,,607,"568,113,66,15",MIRNA-CTGF,609,PMC5788631__oncotarget-09-2175-g012.jpg,,339,712,test,test,1,static/imgs/validation/,Stuart
26807,609,,607,"291,135,27,12", YAP,609,PMC5788631__oncotarget-09-2175-g012.jpg,,339,712,test,test,1,static/imgs/validation/,Stuart
26809,609,,607,"81,148,27,14", YAP,609,PMC5788631__oncotarget-09-2175-g012.jpg,,339,712,test,test,1,static/imgs/validation/,Stuart
26810,609,,607,"30,173,52,18", 14-3-3,609,PMC5788631__oncotarget-09-2175-g012.jpg,,339,712,test,test,1,static/imgs/validation/,Stuart
26812,609,,607,"225,268,27,11", YAP,609,PMC5788631__oncotarget-09-2175-g012.jpg,,339,712,test,test,1,static/imgs/validation/,Stuart
26814,609,34062,607,"245,295,40,11",TEAD5,609,PMC5788631__oncotarget-09-2175-g012.jpg,,339,712,test,test,1,static/imgs/validation/,Stuart
26815,609,5333,607,"388,314,37,12",CTGF,609,PMC5788631__oncotarget-09-2175-g012.jpg,,339,712,test,test,1,static/imgs/validation/,Stuart
47197,609,,607,"421,235,55,42",CTGF mRNA,609,PMC5788631__oncotarget-09-2175-g012.jpg,,339,712,test,test,1,static/imgs/validation/,Stuart
47198,609,,607,"402,98,76,50",CTGF protein,609,PMC5788631__oncotarget-09-2175-g012.jpg,,339,712,test,test,1,static/imgs/validation/,Stuart
47544,609,5584,607,"240,0,17,20",P,609,PMC5788631__oncotarget-09-2175-g012.jpg,,339,712,test,test,1,static/imgs/validation/,Stuart
47545,609,5584,607,"245,71,19,25",P,609,PMC5788631__oncotarget-09-2175-g012.jpg,,339,712,test,test,1,static/imgs/validation/,Stuart
47546,609,5584,607,"122,116,17,23",P,609,PMC5788631__oncotarget-09-2175-g012.jpg,,339,712,test,test,1,static/imgs/validation/,Stuart
27582,625,,623,"507,37,44,7",INHIBITION,625,PMC3502787__CHRP2012-817304.002.jpg,,336,600,test,test,1,static/imgs/validation/,Stuart
27583,625,,623,"506,56,45,8",ACTIVATION,625,PMC3502787__CHRP2012-817304.002.jpg,,336,600,test,test,1,static/imgs/validation/,Stuart
27584,625,15647,623,"55,77,21,7",MET,625,PMC3502787__CHRP2012-817304.002.jpg,,336,600,test,test,1,static/imgs/validation/,Stuart
27585,625,,623,"498,75,61,8",TRANSLOCATION,625,PMC3502787__CHRP2012-817304.002.jpg,,336,600,test,test,1,static/imgs/validation/,Stuart
27586,625,22009,623,"321,168,21,8",PI3K,625,PMC3502787__CHRP2012-817304.002.jpg,,336,600,test,test,1,static/imgs/validation/,Stuart
27587,625,,623,"356,163,18,16", P85,625,PMC3502787__CHRP2012-817304.002.jpg,,336,600,test,test,1,static/imgs/validation/,Stuart
27588,625,22009,623,"121,177,21,8",PI3K,625,PMC3502787__CHRP2012-817304.002.jpg,,336,600,test,test,1,static/imgs/validation/,Stuart
27589,625,,623,"156,172,22,16", P85,625,PMC3502787__CHRP2012-817304.002.jpg,,336,600,test,test,1,static/imgs/validation/,Stuart
27591,625,,623,"265,188,24,11",TKIS,625,PMC3502787__CHRP2012-817304.002.jpg,,336,600,test,test,1,static/imgs/validation/,Stuart
27594,625,698,623,"136,255,20,10",PKB,625,PMC3502787__CHRP2012-817304.002.jpg,,336,600,test,test,1,static/imgs/validation/,Stuart
27596,625,698,623,"387,272,23,11",PKB,625,PMC3502787__CHRP2012-817304.002.jpg,,336,600,test,test,1,static/imgs/validation/,Stuart
27597,625,,623,"127,305,11,9",(A),625,PMC3502787__CHRP2012-817304.002.jpg,,336,600,test,test,1,static/imgs/validation/,Stuart
27598,625,,623,"409,305,12,9", (B),625,PMC3502787__CHRP2012-817304.002.jpg,,336,600,test,test,1,static/imgs/validation/,Stuart
47199,625,5584,623,"196,112,19,23",TK,625,PMC3502787__CHRP2012-817304.002.jpg,,336,600,test,test,1,static/imgs/validation/,Stuart
47200,625,5584,623,"267,119,23,16",TK,625,PMC3502787__CHRP2012-817304.002.jpg,,336,600,test,test,1,static/imgs/validation/,Stuart
47201,625,7427,623,"150,82,24,77",ErbB3,625,PMC3502787__CHRP2012-817304.002.jpg,,336,600,test,test,1,static/imgs/validation/,Stuart
47202,625,7014,623,"177,80,24,73",ErbB1,625,PMC3502787__CHRP2012-817304.002.jpg,,336,600,test,test,1,static/imgs/validation/,Stuart
47203,625,7014,623,"246,80,21,72",ErbB1,625,PMC3502787__CHRP2012-817304.002.jpg,,336,600,test,test,1,static/imgs/validation/,Stuart
47204,625,5584,623,"353,49,23,84",ErbB24,625,PMC3502787__CHRP2012-817304.002.jpg,,336,600,test,test,1,static/imgs/validation/,Stuart
47205,625,7427,623,"369,56,25,79",ErbB3,625,PMC3502787__CHRP2012-817304.002.jpg,,336,600,test,test,1,static/imgs/validation/,Stuart
47206,625,5584,623,"333,109,12,16",P,625,PMC3502787__CHRP2012-817304.002.jpg,,336,600,test,test,1,static/imgs/validation/,Stuart
47207,625,5584,623,"348,126,10,12",P,625,PMC3502787__CHRP2012-817304.002.jpg,,336,600,test,test,1,static/imgs/validation/,Stuart
47208,625,5584,623,"352,140,8,12",P,625,PMC3502787__CHRP2012-817304.002.jpg,,336,600,test,test,1,static/imgs/validation/,Stuart
47209,625,5584,623,"362,144,12,14",P,625,PMC3502787__CHRP2012-817304.002.jpg,,336,600,test,test,1,static/imgs/validation/,Stuart
47210,625,5584,623,"370,145,12,16",P,625,PMC3502787__CHRP2012-817304.002.jpg,,336,600,test,test,1,static/imgs/validation/,Stuart
47211,625,5584,623,"377,138,12,13",P,625,PMC3502787__CHRP2012-817304.002.jpg,,336,600,test,test,1,static/imgs/validation/,Stuart
47212,625,7427,623,"502,190,30,88",ErbB3,625,PMC3502787__CHRP2012-817304.002.jpg,,336,600,test,test,1,static/imgs/validation/,Stuart
47530,625,,623,"133,238,26,14",Akt/,625,PMC3502787__CHRP2012-817304.002.jpg,,336,600,test,test,1,static/imgs/validation/,Stuart
47531,625,,623,"385,252,26,19",Akt/,625,PMC3502787__CHRP2012-817304.002.jpg,,336,600,test,test,1,static/imgs/validation/,Stuart
47547,625,,623,"193,187,29,15",TKIs,625,PMC3502787__CHRP2012-817304.002.jpg,,336,600,test,test,1,static/imgs/validation/,Stuart
28902,653,1071,651,"503,3,21,9",OH,653,PMC2988105__nihms224319f6.jpg,,507,800,test,test,1,static/imgs/validation/,Joshua
28903,653,799,651,"341,35,16,8",HO,653,PMC2988105__nihms224319f6.jpg,,507,800,test,test,1,static/imgs/validation/,Joshua
28904,653,1071,651,"381,94,31,12",OH,653,PMC2988105__nihms224319f6.jpg,,507,800,test,test,1,static/imgs/validation/,Joshua
28905,653,,651,"252,172,47,16",PKCdelta,653,PMC2988105__nihms224319f6.jpg,,507,800,test,test,1,static/imgs/validation/,Joshua
28906,653,1643,651,"554,172,26,9",ATM,653,PMC2988105__nihms224319f6.jpg,,507,800,test,test,1,static/imgs/validation/,Joshua
28907,653,34938,651,"617,264,28,13",P53,653,PMC2988105__nihms224319f6.jpg,,507,800,test,test,1,static/imgs/validation/,Joshua
28908,653,,651,"580,239,35,17",SER15,653,PMC2988105__nihms224319f6.jpg,,507,800,test,test,1,static/imgs/validation/,Joshua
28909,653,3959,651,"116,271,27,12",P21,653,PMC2988105__nihms224319f6.jpg,,507,800,test,test,1,static/imgs/validation/,Joshua
28910,653,9390,651,"375,269,41,10",NAG-1,653,PMC2988105__nihms224319f6.jpg,,507,800,test,test,1,static/imgs/validation/,Joshua
28911,653,,651,"192,463,115,17",PROLIFERATION,653,PMC2988105__nihms224319f6.jpg,,507,800,test,test,1,static/imgs/validation/,Joshua
28912,653,,651,"450,468,85,17",APOPTOSIS,653,PMC2988105__nihms224319f6.jpg,,507,800,test,test,1,static/imgs/validation/,Joshua
28965,655,,653,"371,121,13,7", AKT,655,PMC3068308__PRI2011-620601.004.jpg,,367,465,test,test,1,static/imgs/validation/,Ziting
28966,655,22009,653,"431,150,19,7",PI3K,655,PMC3068308__PRI2011-620601.004.jpg,,367,465,test,test,1,static/imgs/validation/,Ziting
28967,655,2023,653,"183,183,16,9",BcL2,655,PMC3068308__PRI2011-620601.004.jpg,,367,465,test,test,1,static/imgs/validation/,Ziting
28968,655,,653,"280,185,23,7",NFKB,655,PMC3068308__PRI2011-620601.004.jpg,,367,465,test,test,1,static/imgs/validation/,Ziting
28969,655,,653,"371,185,13,7", AKT,655,PMC3068308__PRI2011-620601.004.jpg,,367,465,test,test,1,static/imgs/validation/,Ziting
28970,655,1958,653,"49,195,33,7",BAK,655,PMC3068308__PRI2011-620601.004.jpg,,367,465,test,test,1,static/imgs/validation/,Ziting
28976,655,,653,"273,310,18,6",IAPS,655,PMC3068308__PRI2011-620601.004.jpg,,367,465,test,test,1,static/imgs/validation/,Ziting
47275,655,2025,653,"178,207,43,15",bcl-x,655,PMC3068308__PRI2011-620601.004.jpg,,367,465,test,test,1,static/imgs/validation/,Ziting
47512,655,,653,"77,243,118,18",apoptosome complex,655,PMC3068308__PRI2011-620601.004.jpg,,367,465,test,test,1,static/imgs/validation/,Ziting
47513,655,,653,"73,305,128,15",executioner caspases,655,PMC3068308__PRI2011-620601.004.jpg,,367,465,test,test,1,static/imgs/validation/,Ziting
47514,655,,653,"110,353,52,12",apoptosis,655,PMC3068308__PRI2011-620601.004.jpg,,367,465,test,test,1,static/imgs/validation/,Ziting
29235,661,,659,"51,0,91,29",INTEGRIN,661,PMC2172299__200312013f8.jpg,,502,720,test,test,1,static/imgs/validation/,Stuart
29236,661,2004,659,"43,133,100,23",P130CAS,661,PMC2172299__200312013f8.jpg,,502,720,test,test,1,static/imgs/validation/,Stuart
29237,661,,659,"204,131,82,19",PAXILLIN,661,PMC2172299__200312013f8.jpg,,502,720,test,test,1,static/imgs/validation/,Stuart
29238,661,23425,659,"201,171,43,23",FAK,661,PMC2172299__200312013f8.jpg,,502,720,test,test,1,static/imgs/validation/,Stuart
29239,661,,659,"218,205,84,20",PY861,661,PMC2172299__200312013f8.jpg,,502,720,test,test,1,static/imgs/validation/,Stuart
29240,661,5114,659,"26,199,48,20",CRK,661,PMC2172299__200312013f8.jpg,,502,720,test,test,1,static/imgs/validation/,Stuart
29241,661,3883,659,"570,223,135,19",N-Cadherin,661,PMC2172299__200312013f8.jpg,,502,720,test,test,1,static/imgs/validation/,Stuart
29242,661,23726,659,"119,304,74,24",RAC1,661,PMC2172299__200312013f8.jpg,,502,720,test,test,1,static/imgs/validation/,Stuart
47213,661,568,659,"144,62,28,29",a,661,PMC2172299__200312013f8.jpg,,502,720,test,test,1,static/imgs/validation/,Stuart
47214,661,6635,659,"171,66,31,36",b,661,PMC2172299__200312013f8.jpg,,502,720,test,test,1,static/imgs/validation/,Stuart
47215,661,5584,659,"45,420,228,63",Integrin-mediated Cell Motility,661,PMC2172299__200312013f8.jpg,,502,720,test,test,1,static/imgs/validation/,Stuart
47216,661,5584,659,"435,177,33,276",N-Cadherin Adhesion,661,PMC2172299__200312013f8.jpg,,502,720,test,test,1,static/imgs/validation/,Stuart
47217,661,5584,659,"320,142,42,323",Plasma Membrane Dynamics,661,PMC2172299__200312013f8.jpg,,502,720,test,test,1,static/imgs/validation/,Stuart
30447,681,,679,"318,13,31,15", NAC,681,PMC4826221__oncotarget-07-4490-g009.jpg,,488,650,test,test,1,static/imgs/validation/,Ziting
30448,681,21066,679,"187,22,28,15",GL,681,PMC4826221__oncotarget-07-4490-g009.jpg,,488,650,test,test,1,static/imgs/validation/,Ziting
30449,681,,679,"142,153,31,8",PH2AX,681,PMC4826221__oncotarget-07-4490-g009.jpg,,488,650,test,test,1,static/imgs/validation/,Ziting
30450,681,1643,679,"345,150,75,13",ATM,681,PMC4826221__oncotarget-07-4490-g009.jpg,,488,650,test,test,1,static/imgs/validation/,Ziting
30452,681,,679,"358,264,50,14",CHK1,681,PMC4826221__oncotarget-07-4490-g009.jpg,,488,650,test,test,1,static/imgs/validation/,Ziting
30453,681,,679,"504,265,55,14",UCN1,681,PMC4826221__oncotarget-07-4490-g009.jpg,,488,650,test,test,1,static/imgs/validation/,Ziting
30455,681,3834,679,"355,357,56,12",CDC25C,681,PMC4826221__oncotarget-07-4490-g009.jpg,,488,650,test,test,1,static/imgs/validation/,Ziting
30456,681,,679,"169,385,57,14",p-CDK,681,PMC4826221__oncotarget-07-4490-g009.jpg,,488,650,test,test,1,static/imgs/validation/,Ziting
30457,681,3918,679,"550,386,42,11",CDK1,681,PMC4826221__oncotarget-07-4490-g009.jpg,,488,650,test,test,1,static/imgs/validation/,Ziting
47276,681,5157,679,"25,456,95,23",G2,681,PMC4826221__oncotarget-07-4490-g009.jpg,,488,650,test,test,1,static/imgs/validation/,Ziting
47515,681,,679,"86,269,96,30",apoptosis,681,PMC4826221__oncotarget-07-4490-g009.jpg,,488,650,test,test,1,static/imgs/validation/,Ziting
47516,681,,679,"185,415,76,27",cyclin B,681,PMC4826221__oncotarget-07-4490-g009.jpg,,488,650,test,test,1,static/imgs/validation/,Ziting
47517,681,,679,"552,416,74,24",cyclin B,681,PMC4826221__oncotarget-07-4490-g009.jpg,,488,650,test,test,1,static/imgs/validation/,Ziting
33060,724,12423,722,"473,29,42,15",PIP3,724,PMC3233205__nihms323230f1.jpg,,912,654,test,test,1,static/imgs/validation/,Joshua
33061,724,,722,"370,134,45,14",PLCR,724,PMC3233205__nihms323230f1.jpg,,912,654,test,test,1,static/imgs/validation/,Joshua
33062,724,1129,722,"420,239,43,13",PIP2,724,PMC3233205__nihms323230f1.jpg,,912,654,test,test,1,static/imgs/validation/,Joshua
33063,724,,722,"321,343,40,14", PKC,724,PMC3233205__nihms323230f1.jpg,,912,654,test,test,1,static/imgs/validation/,Joshua
33064,724,15324,722,"272,448,40,13",PKA,724,PMC3233205__nihms323230f1.jpg,,912,654,test,test,1,static/imgs/validation/,Joshua
33065,724,595,722,"83,549,23,19",RAF,724,PMC3233205__nihms323230f1.jpg,,912,654,test,test,1,static/imgs/validation/,Joshua
33067,724,592,722,"385,552,30,19",P38,724,PMC3233205__nihms323230f1.jpg,,912,654,test,test,1,static/imgs/validation/,Joshua
33069,724,15310,722,"531,553,38,13",JNK,724,PMC3233205__nihms323230f1.jpg,,912,654,test,test,1,static/imgs/validation/,Joshua
33071,724,,722,"73,658,66,13",MEK1/2,724,PMC3233205__nihms323230f1.jpg,,912,654,test,test,1,static/imgs/validation/,Joshua
33072,724,,722,"154,761,56,14",ERK1/2,724,PMC3233205__nihms323230f1.jpg,,912,654,test,test,1,static/imgs/validation/,Joshua
33073,724,,722,"290,863,19,20", AKT,724,PMC3233205__nihms323230f1.jpg,,912,654,test,test,1,static/imgs/validation/,Joshua
35742,760,,758,"254,21,64,17", CED-2,760,PMC3521709__pgen.1003115.g001.jpg,,645,656,test,test,1,static/imgs/validation/,mihail
35743,760,,758,"262,46,47,16",CRKII,760,PMC3521709__pgen.1003115.g001.jpg,,645,656,test,test,1,static/imgs/validation/,mihail
35744,760,,758,"548,21,65,15",CED-7,760,PMC3521709__pgen.1003115.g001.jpg,,645,656,test,test,1,static/imgs/validation/,mihail
35745,760,44,758,"550,46,57,15",ABC1,760,PMC3521709__pgen.1003115.g001.jpg,,645,656,test,test,1,static/imgs/validation/,mihail
35746,760,,758,"26,156,62,17",ABL-1,760,PMC3521709__pgen.1003115.g001.jpg,,645,656,test,test,1,static/imgs/validation/,mihail
35747,760,142,758,"41,182,34,15",ABL,760,PMC3521709__pgen.1003115.g001.jpg,,645,656,test,test,1,static/imgs/validation/,mihail
35748,760,,758,"186,156,65,17",CED-5,760,PMC3521709__pgen.1003115.g001.jpg,,645,656,test,test,1,static/imgs/validation/,mihail
35749,760,6477,758,"168,181,101,17",DOCK180,760,PMC3521709__pgen.1003115.g001.jpg,,645,656,test,test,1,static/imgs/validation/,mihail
35750,760,,758,"312,156,77,15", CED-12,760,PMC3521709__pgen.1003115.g001.jpg,,645,656,test,test,1,static/imgs/validation/,mihail
35751,760,,758,"550,157,62,15", CED-1,760,PMC3521709__pgen.1003115.g001.jpg,,645,656,test,test,1,static/imgs/validation/,mihail
35752,760,15602,758,"539,181,86,17",MEGF10,760,PMC3521709__pgen.1003115.g001.jpg,,645,656,test,test,1,static/imgs/validation/,mihail
35753,760,,758,"320,182,61,15",,760,PMC3521709__pgen.1003115.g001.jpg,,645,656,test,test,1,static/imgs/validation/,mihail
35754,760,,758,"247,287,77,16",CED-10,760,PMC3521709__pgen.1003115.g001.jpg,,645,656,test,test,1,static/imgs/validation/,mihail
35755,760,698,758,"267,312,37,16",RAC,760,PMC3521709__pgen.1003115.g001.jpg,,645,656,test,test,1,static/imgs/validation/,mihail
35756,760,,758,"550,287,64,16", CED-6,760,PMC3521709__pgen.1003115.g001.jpg,,645,656,test,test,1,static/imgs/validation/,mihail
35757,760,10236,758,"553,312,59,16",GULP,760,PMC3521709__pgen.1003115.g001.jpg,,645,656,test,test,1,static/imgs/validation/,mihail
35760,760,,758,"549,432,62,15",DYN-1,760,PMC3521709__pgen.1003115.g001.jpg,,645,656,test,test,1,static/imgs/validation/,mihail
35761,760,,758,"137,451,110,15",WAVE REGULATORY COMPLEX,760,PMC3521709__pgen.1003115.g001.jpg,,645,656,test,test,1,static/imgs/validation/,mihail
35763,760,,758,"223,595,206,21",ENGULFMENT,760,PMC3521709__pgen.1003115.g001.jpg,,645,656,test,test,1,static/imgs/validation/,mihail
35764,761,,759,"435,3,71,18",EPITHELIUM,761,PMC3591436__pone.0053370.g006.jpg,,512,652,test,test,1,static/imgs/validation/,Stuart
35767,761,,759,"126,86,68,14",LEUKOCYTE,761,PMC3591436__pone.0053370.g006.jpg,,512,652,test,test,1,static/imgs/validation/,Stuart
35770,761,,759,"113,140,46,18",IKB-A,761,PMC3591436__pone.0053370.g006.jpg,,512,652,test,test,1,static/imgs/validation/,Stuart
35771,761,,759,"112,165,47,13", NF-KB,761,PMC3591436__pone.0053370.g006.jpg,,512,652,test,test,1,static/imgs/validation/,Stuart
35772,761,,759,"179,198,45,11",MG132,761,PMC3591436__pone.0053370.g006.jpg,,512,652,test,test,1,static/imgs/validation/,Stuart
35773,761,,759,"41,210,36,14",IKB-A,761,PMC3591436__pone.0053370.g006.jpg,,512,652,test,test,1,static/imgs/validation/,Stuart
35774,761,,759,"109,230,49,15", NF-KB,761,PMC3591436__pone.0053370.g006.jpg,,512,652,test,test,1,static/imgs/validation/,Stuart
35775,761,,759,"325,240,53,11",GM6001,761,PMC3591436__pone.0053370.g006.jpg,,512,652,test,test,1,static/imgs/validation/,Stuart
35776,761,,759,"221,256,46,11",MMP-9,761,PMC3591436__pone.0053370.g006.jpg,,512,652,test,test,1,static/imgs/validation/,Stuart
35777,761,,759,"117,300,41,14", NF-KB,761,PMC3591436__pone.0053370.g006.jpg,,512,652,test,test,1,static/imgs/validation/,Stuart
35778,761,,759,"328,303,45,11",MMP-9,761,PMC3591436__pone.0053370.g006.jpg,,512,652,test,test,1,static/imgs/validation/,Stuart
35781,761,,759,"124,425,75,16",STROMA,761,PMC3591436__pone.0053370.g006.jpg,,512,652,test,test,1,static/imgs/validation/,Stuart
47223,761,5584,759,"16,188,23,19",P,761,PMC3591436__pone.0053370.g006.jpg,,512,652,test,test,1,static/imgs/validation/,Stuart
47224,761,5584,759,"159,280,19,19",P,761,PMC3591436__pone.0053370.g006.jpg,,512,652,test,test,1,static/imgs/validation/,Stuart
47225,761,5584,759,"575,11,74,42",Claudin-5 segments,761,PMC3591436__pone.0053370.g006.jpg,,512,652,test,test,1,static/imgs/validation/,Stuart
47226,761,5584,759,"308,99,104,26",Tight junction,761,PMC3591436__pone.0053370.g006.jpg,,512,652,test,test,1,static/imgs/validation/,Stuart
47227,761,5584,759,"563,320,85,43",Infiltrated Leukocyte,761,PMC3591436__pone.0053370.g006.jpg,,512,652,test,test,1,static/imgs/validation/,Stuart
47228,761,5584,759,"583,457,52,31",CSF,761,PMC3591436__pone.0053370.g006.jpg,,512,652,test,test,1,static/imgs/validation/,Stuart
36065,766,80,764,"46,52,43,29",PHHI,766,PMC6820189__10.1177_1559325819885293-fig2.jpg,,713,660,test,test,1,static/imgs/validation/,Ziting
36066,766,32037,764,"434,113,93,31",SMO,766,PMC6820189__10.1177_1559325819885293-fig2.jpg,,713,660,test,test,1,static/imgs/validation/,Ziting
36067,766,,764,"110,163,120,31",PTCHI,766,PMC6820189__10.1177_1559325819885293-fig2.jpg,,713,660,test,test,1,static/imgs/validation/,Ziting
36068,766,9564,764,"117,423,46,31",GLI,766,PMC6820189__10.1177_1559325819885293-fig2.jpg,,713,660,test,test,1,static/imgs/validation/,Ziting
36069,766,,764,"434,424,92,33",GLIACT,766,PMC6820189__10.1177_1559325819885293-fig2.jpg,,713,660,test,test,1,static/imgs/validation/,Ziting
36070,766,,764,"251,653,32,11",GLIACT,766,PMC6820189__10.1177_1559325819885293-fig2.jpg,,713,660,test,test,1,static/imgs/validation/,Ziting
36585,779,15310,777,"304,177,53,18",JNK,779,PMC5037850__ijms-17-01585-g001.jpg,,832,696,test,test,1,static/imgs/validation/,Ziting
36586,779,,777,"75,257,33,17",BCL,779,PMC5037850__ijms-17-01585-g001.jpg,,832,696,test,test,1,static/imgs/validation/,Ziting
36588,779,12667,777,"383,259,48,15",C-JUN,779,PMC5037850__ijms-17-01585-g001.jpg,,832,696,test,test,1,static/imgs/validation/,Ziting
36589,779,,777,"303,348,53,17", AP-1,779,PMC5037850__ijms-17-01585-g001.jpg,,832,696,test,test,1,static/imgs/validation/,Ziting
36590,779,8291,777,"592,347,34,18",FAS,779,PMC5037850__ijms-17-01585-g001.jpg,,832,696,test,test,1,static/imgs/validation/,Ziting
47518,779,,777,"262,555,135,37",caspase3,779,PMC5037850__ijms-17-01585-g001.jpg,,832,696,test,test,1,static/imgs/validation/,Ziting
47519,779,,777,"237,692,158,62",cell death,779,PMC5037850__ijms-17-01585-g001.jpg,,832,696,test,test,1,static/imgs/validation/,Ziting
47520,779,,777,"185,458,148,33",mitochondria,779,PMC5037850__ijms-17-01585-g001.jpg,,832,696,test,test,1,static/imgs/validation/,Ziting
47521,779,,777,"344,454,137,37",cytochrome c,779,PMC5037850__ijms-17-01585-g001.jpg,,832,696,test,test,1,static/imgs/validation/,Ziting
36710,782,,780,"297,33,80,29",TLRS,782,PMC4057701__ijms-15-07711f2.jpg,,1305,787,test,test,1,static/imgs/validation/,Joshua
36711,782,18711,780,"190,149,127,34",MYD88,782,PMC4057701__ijms-15-07711f2.jpg,,1305,787,test,test,1,static/imgs/validation/,Joshua
36712,782,34292,780,"470,154,50,18",TRIF,782,PMC4057701__ijms-15-07711f2.jpg,,1305,787,test,test,1,static/imgs/validation/,Joshua
36713,782,,780,"359,230,92,40", NF-KB,782,PMC4057701__ijms-15-07711f2.jpg,,1305,787,test,test,1,static/imgs/validation/,Joshua
36716,782,,780,"320,484,83,34", IL-12,782,PMC4057701__ijms-15-07711f2.jpg,,1305,787,test,test,1,static/imgs/validation/,Joshua
36717,782,33906,780,"338,652,69,33",LYM,782,PMC4057701__ijms-15-07711f2.jpg,,1305,787,test,test,1,static/imgs/validation/,Joshua
36718,782,,780,"319,814,89,37",IFN-Y,782,PMC4057701__ijms-15-07711f2.jpg,,1305,787,test,test,1,static/imgs/validation/,Joshua
36719,782,,780,"55,1023,58,32",MÃ˜,782,PMC4057701__ijms-15-07711f2.jpg,,1305,787,test,test,1,static/imgs/validation/,Joshua
47330,782,,780,"175,1255,368,38",Hepatic granulomas,782,PMC4057701__ijms-15-07711f2.jpg,,1305,787,test,test,1,static/imgs/validation/,Joshua
47331,782,,780,"439,362,237,30",Kupffer cells,782,PMC4057701__ijms-15-07711f2.jpg,,1305,787,test,test,1,static/imgs/validation/,Joshua
36810,784,1178,782,"114,228,64,32",AAI,784,PMC4061041__pone.0099983.g006.jpg,,795,765,test,test,1,static/imgs/validation/,Yijie
36811,784,1643,782,"308,229,78,33",ATM,784,PMC4061041__pone.0099983.g006.jpg,,795,765,test,test,1,static/imgs/validation/,Yijie
36814,784,,782,"300,336,96,30",IGF-1,784,PMC4061041__pone.0099983.g006.jpg,,795,765,test,test,1,static/imgs/validation/,Yijie
36817,784,,782,"4,438,151,33",AG1024,784,PMC4061041__pone.0099983.g006.jpg,,795,765,test,test,1,static/imgs/validation/,Yijie
36818,784,11715,782,"284,441,133,32",IGF-1R,784,PMC4061041__pone.0099983.g006.jpg,,795,765,test,test,1,static/imgs/validation/,Yijie
36821,784,,782,"302,654,92,38",EGR-1,784,PMC4061041__pone.0099983.g006.jpg,,795,765,test,test,1,static/imgs/validation/,Yijie
36822,784,,782,"299,759,100,32",SCLU,784,PMC4061041__pone.0099983.g006.jpg,,795,765,test,test,1,static/imgs/validation/,Yijie
47367,784,,782,"407,1,174,82",EXPOSED TELOMERE,784,PMC4061041__pone.0099983.g006.jpg,,795,765,test,test,1,static/imgs/validation/,Yijie
47368,784,,782,"64,1,258,92",PERSISTENT DNA  DAMAGE,784,PMC4061041__pone.0099983.g006.jpg,,795,765,test,test,1,static/imgs/validation/,Yijie
47369,784,,782,"528,228,233,158","CELLULAR SENESCENCE (RS, SIPS)",784,PMC4061041__pone.0099983.g006.jpg,,795,765,test,test,1,static/imgs/validation/,Yijie
47370,784,,782,"204,537,291,49",MAPK PATHWAY,784,PMC4061041__pone.0099983.g006.jpg,,795,765,test,test,1,static/imgs/validation/,Yijie
37187,796,12236,794,"103,7,26,9",IL-6,796,PMC3087811__nihms286343f8.jpg,,413,602,test,test,1,static/imgs/validation/,Stuart
37188,796,12239,794,"55,87,38,8",GP130,796,PMC3087811__nihms286343f8.jpg,,413,602,test,test,1,static/imgs/validation/,Stuart
37189,796,12237,794,"145,84,43,10",CD126,796,PMC3087811__nihms286343f8.jpg,,413,602,test,test,1,static/imgs/validation/,Stuart
37190,796,,794,"104,126,54,15",TGF-beta RI II,796,PMC3087811__nihms286343f8.jpg,,413,602,test,test,1,static/imgs/validation/,Stuart
37193,796,,794,"242,151,48,16",JNK.P38,796,PMC3087811__nihms286343f8.jpg,,413,602,test,test,1,static/imgs/validation/,Stuart
37194,796,,794,"381,140,40,18",RORYT,796,PMC3087811__nihms286343f8.jpg,,413,602,test,test,1,static/imgs/validation/,Stuart
37195,796,,794,"524,141,26,16",TH17,796,PMC3087811__nihms286343f8.jpg,,413,602,test,test,1,static/imgs/validation/,Stuart
37196,796,,794,"7,205,42,13",TGF-beta,796,PMC3087811__nihms286343f8.jpg,,413,602,test,test,1,static/imgs/validation/,Stuart
37197,796,,794,"107,289,51,18",TGF-beta RI II,796,PMC3087811__nihms286343f8.jpg,,413,602,test,test,1,static/imgs/validation/,Stuart
37200,796,,794,"244,296,46,14",ERKJNK,796,PMC3087811__nihms286343f8.jpg,,413,602,test,test,1,static/imgs/validation/,Stuart
37201,796,,794,"525,292,27,16",ITREG,796,PMC3087811__nihms286343f8.jpg,,413,602,test,test,1,static/imgs/validation/,Stuart
37202,796,8776,794,"393,297,28,16",FOXP3,796,PMC3087811__nihms286343f8.jpg,,413,602,test,test,1,static/imgs/validation/,Stuart
37203,796,12225,794,"109,396,25,10",IL-2,796,PMC3087811__nihms286343f8.jpg,,413,602,test,test,1,static/imgs/validation/,Stuart
47252,796,5584,794,"240,126,45,14",SMAD 7,796,PMC3087811__nihms286343f8.jpg,,413,602,test,test,1,static/imgs/validation/,Stuart
47253,796,5584,794,"239,137,44,15",STAT 3,796,PMC3087811__nihms286343f8.jpg,,413,602,test,test,1,static/imgs/validation/,Stuart
47254,796,5584,794,"238,282,55,15",SMAD 2/3,796,PMC3087811__nihms286343f8.jpg,,413,602,test,test,1,static/imgs/validation/,Stuart
47386,796,,794,"103,327,34,24",Boy,796,PMC3087811__nihms286343f8.jpg,,413,602,test,test,1,static/imgs/validation/,Stuart
37240,799,37874,797,"9,11,29,6",YWHAZ,799,PMC5850946__12859_2018_2036_Fig5_HTML.jpg,,221,776,test,test,1,static/imgs/validation/,Yijie
37241,799,3181,797,"85,11,28,6",CALM1,799,PMC5850946__12859_2018_2036_Fig5_HTML.jpg,,221,776,test,test,1,static/imgs/validation/,Yijie
37242,799,8555,797,"162,11,25,6",FGFR3,799,PMC5850946__12859_2018_2036_Fig5_HTML.jpg,,221,776,test,test,1,static/imgs/validation/,Yijie
37243,799,12573,797,"283,38,23,7",ITGB5,799,PMC5850946__12859_2018_2036_Fig5_HTML.jpg,,221,776,test,test,1,static/imgs/validation/,Yijie
37244,799,13595,797,"389,38,28,6",LAMA2,799,PMC5850946__12859_2018_2036_Fig5_HTML.jpg,,221,776,test,test,1,static/imgs/validation/,Yijie
37245,799,10036,797,"466,38,21,6",GRB2,799,PMC5850946__12859_2018_2036_Fig5_HTML.jpg,,221,776,test,test,1,static/imgs/validation/,Yijie
37246,799,8562,797,"665,38,25,6",FGFR4,799,PMC5850946__12859_2018_2036_Fig5_HTML.jpg,,221,776,test,test,1,static/imgs/validation/,Yijie
37247,799,22986,797,"741,37,23,9",PRKCI,799,PMC5850946__12859_2018_2036_Fig5_HTML.jpg,,221,776,test,test,1,static/imgs/validation/,Yijie
37248,799,698,797,"531,83,21,6",AKT1,799,PMC5850946__12859_2018_2036_Fig5_HTML.jpg,,221,776,test,test,1,static/imgs/validation/,Yijie
37249,799,4807,797,"151,87,37,15",COL4A5,799,PMC5850946__12859_2018_2036_Fig5_HTML.jpg,,221,776,test,test,1,static/imgs/validation/,Yijie
37250,799,3882,797,"10,91,22,6",CDH1,799,PMC5850946__12859_2018_2036_Fig5_HTML.jpg,,221,776,test,test,1,static/imgs/validation/,Yijie
37251,799,11273,797,"87,91,20,6",HRAS,799,PMC5850946__12859_2018_2036_Fig5_HTML.jpg,,221,776,test,test,1,static/imgs/validation/,Yijie
37252,799,31195,797,"233,100,21,6",SGK1,799,PMC5850946__12859_2018_2036_Fig5_HTML.jpg,,221,776,test,test,1,static/imgs/validation/,Yijie
37253,799,36188,797,"377,115,21,7",TSC2,799,PMC5850946__12859_2018_2036_Fig5_HTML.jpg,,221,776,test,test,1,static/imgs/validation/,Yijie
37254,799,23823,797,"663,117,27,6",RAP1A,799,PMC5850946__12859_2018_2036_Fig5_HTML.jpg,,221,776,test,test,1,static/imgs/validation/,Yijie
37255,799,22812,797,"730,115,42,10",PPP2R3A,799,PMC5850946__12859_2018_2036_Fig5_HTML.jpg,,221,776,test,test,1,static/imgs/validation/,Yijie
37256,799,8554,797,"590,134,25,7",FGFR2,799,PMC5850946__12859_2018_2036_Fig5_HTML.jpg,,221,776,test,test,1,static/imgs/validation/,Yijie
37257,799,3634,797,"181,161,31,18",CCND1,799,PMC5850946__12859_2018_2036_Fig5_HTML.jpg,,221,776,test,test,1,static/imgs/validation/,Yijie
37258,799,23385,797,"358,193,20,6",PTEN,799,PMC5850946__12859_2018_2036_Fig5_HTML.jpg,,221,776,test,test,1,static/imgs/validation/,Yijie
37259,799,12892,797,"130,203,16,6",KDR,799,PMC5850946__12859_2018_2036_Fig5_HTML.jpg,,221,776,test,test,1,static/imgs/validation/,Yijie
39695,837,22318,835,"336,0,77,45",SYX,837,PMC5241026__nihms839270f8.jpg,,1050,755,test,test,1,static/imgs/validation/,Stuart
39698,837,23625,835,"12,392,135,35",RAB3D,837,PMC5241026__nihms839270f8.jpg,,1050,755,test,test,1,static/imgs/validation/,Stuart
39699,837,31366,835,"312,392,123,36",SIRT1,837,PMC5241026__nihms839270f8.jpg,,1050,755,test,test,1,static/imgs/validation/,Stuart
39700,837,,835,"314,562,142,56",RARgamma,837,PMC5241026__nihms839270f8.jpg,,1050,755,test,test,1,static/imgs/validation/,Stuart
39701,837,24340,835,"580,564,174,33",RHPN2,837,PMC5241026__nihms839270f8.jpg,,1050,755,test,test,1,static/imgs/validation/,Stuart
39702,837,,835,"290,750,221,44",NOGGIN,837,PMC5241026__nihms839270f8.jpg,,1050,755,test,test,1,static/imgs/validation/,Stuart
39703,837,2167,835,"579,753,157,41",BMP4,837,PMC5241026__nihms839270f8.jpg,,1050,755,test,test,1,static/imgs/validation/,Stuart
39705,837,,835,"585,882,168,49",pSMAD1,837,PMC5241026__nihms839270f8.jpg,,1050,755,test,test,1,static/imgs/validation/,Stuart
47256,837,5584,835,"203,932,335,116",Neural differentiation,837,PMC5241026__nihms839270f8.jpg,,1050,755,test,test,1,static/imgs/validation/,Stuart
47532,837,24312,835,"305,176,153,70",RhoA,837,PMC5241026__nihms839270f8.jpg,,1050,755,test,test,1,static/imgs/validation/,Stuart
47533,837,,835,"0,183,146,54",F-actin,837,PMC5241026__nihms839270f8.jpg,,1050,755,test,test,1,static/imgs/validation/,Stuart
39816,842,19309,840,"43,5,41,19",CTF,842,PMC4252843__nihms611316f5.jpg,,368,624,test,test,1,static/imgs/validation/,Yijie
39817,842,10384,840,"401,59,88,19",HB-EGF,842,PMC4252843__nihms611316f5.jpg,,368,624,test,test,1,static/imgs/validation/,Yijie
39818,842,9839,840,"39,127,63,19",GPCR,842,PMC4252843__nihms611316f5.jpg,,368,624,test,test,1,static/imgs/validation/,Yijie
39819,842,,840,"255,124,158,26",ADAM-10/12,842,PMC4252843__nihms611316f5.jpg,,368,624,test,test,1,static/imgs/validation/,Yijie
39820,842,7014,840,"531,128,59,22",EGFR,842,PMC4252843__nihms611316f5.jpg,,368,624,test,test,1,static/imgs/validation/,Yijie
47374,842,,840,"66,235,115,37",GAI/GBY,842,PMC4252843__nihms611316f5.jpg,,368,624,test,test,1,static/imgs/validation/,Yijie
47507,842,,840,"254,248,58,30",CA2+,842,PMC4252843__nihms611316f5.jpg,,368,624,test,test,1,static/imgs/validation/,Yijie
47508,842,6782,840,"260,294,48,24",PKC,842,PMC4252843__nihms611316f5.jpg,,368,624,test,test,1,static/imgs/validation/,Yijie
47509,842,,840,"196,333,212,30",NAD(P)H OXIDASE,842,PMC4252843__nihms611316f5.jpg,,368,624,test,test,1,static/imgs/validation/,Yijie
40693,856,23370,854,"55,12,27,11",PTCH,856,PMC5949124__IBJ-22-217-g001.jpg,,433,690,test,test,1,static/imgs/validation/,Yibo
40694,856,32037,854,"198,13,32,10",SMO,856,PMC5949124__IBJ-22-217-g001.jpg,,433,690,test,test,1,static/imgs/validation/,Yibo
40697,856,23370,854,"463,14,27,11",PTCH,856,PMC5949124__IBJ-22-217-g001.jpg,,433,690,test,test,1,static/imgs/validation/,Yibo
40698,856,32037,854,"606,15,32,10",SMO,856,PMC5949124__IBJ-22-217-g001.jpg,,433,690,test,test,1,static/imgs/validation/,Yibo
40703,856,,854,"14,272,46,10",NUCLEUS,856,PMC5949124__IBJ-22-217-g001.jpg,,433,690,test,test,1,static/imgs/validation/,Yibo
40704,856,,854,"428,270,47,13",NUCLEUS,856,PMC5949124__IBJ-22-217-g001.jpg,,433,690,test,test,1,static/imgs/validation/,Yibo
40709,856,,854,"657,403,7,10", B,856,PMC5949124__IBJ-22-217-g001.jpg,,433,690,test,test,1,static/imgs/validation/,Yibo
47488,856,,854,"106,153,72,40","GLI(GLI1,2,3)",856,PMC5949124__IBJ-22-217-g001.jpg,,433,690,test,test,1,static/imgs/validation/,Yibo
47489,856,,854,"509,151,74,41","GLI(GLI1,2,3)",856,PMC5949124__IBJ-22-217-g001.jpg,,433,690,test,test,1,static/imgs/validation/,Yibo
47490,856,,854,"95,328,91,16",TARGET GENES,856,PMC5949124__IBJ-22-217-g001.jpg,,433,690,test,test,1,static/imgs/validation/,Yibo
47491,856,,854,"506,325,92,21",TARGET GENES,856,PMC5949124__IBJ-22-217-g001.jpg,,433,690,test,test,1,static/imgs/validation/,Yibo
47543,856,568,854,"233,393,26,26",a,856,PMC5949124__IBJ-22-217-g001.jpg,,433,690,test,test,1,static/imgs/validation/,Yibo
41177,868,,866,"329,29,122,27",ASTROCYTE,868,PMC3920964__cddis2013410f5.jpg,,989,787,test,test,1,static/imgs/validation/,Stuart
41178,868,,866,"349,88,79,24",APOE3,868,PMC3920964__cddis2013410f5.jpg,,989,787,test,test,1,static/imgs/validation/,Stuart
41179,868,14863,866,"166,113,77,25",APOE2,868,PMC3920964__cddis2013410f5.jpg,,989,787,test,test,1,static/imgs/validation/,Stuart
41180,868,,866,"474,113,79,24",APOE4,868,PMC3920964__cddis2013410f5.jpg,,989,787,test,test,1,static/imgs/validation/,Stuart
41181,868,14853,866,"303,271,59,19",LRP1,868,PMC3920964__cddis2013410f5.jpg,,989,787,test,test,1,static/imgs/validation/,Stuart
41182,868,22653,866,"258,346,67,31",CYPA,868,PMC3920964__cddis2013410f5.jpg,,989,787,test,test,1,static/imgs/validation/,Stuart
41183,868,,866,"71,364,103,25",PERICYTE,868,PMC3920964__cddis2013410f5.jpg,,989,787,test,test,1,static/imgs/validation/,Stuart
41184,868,4391,866,"347,414,65,21",NFkB,868,PMC3920964__cddis2013410f5.jpg,,989,787,test,test,1,static/imgs/validation/,Stuart
41185,868,,866,"365,504,84,21",MMP-9,868,PMC3920964__cddis2013410f5.jpg,,989,787,test,test,1,static/imgs/validation/,Stuart
47257,868,5584,866,"251,581,162,105",basement membrane degradation,868,PMC3920964__cddis2013410f5.jpg,,989,787,test,test,1,static/imgs/validation/,Stuart
47258,868,5584,866,"423,581,173,113",tight juction degradation,868,PMC3920964__cddis2013410f5.jpg,,989,787,test,test,1,static/imgs/validation/,Stuart
47259,868,5584,866,"324,724,165,82",BBB breakdown,868,PMC3920964__cddis2013410f5.jpg,,989,787,test,test,1,static/imgs/validation/,Stuart
47260,868,5584,866,"326,837,159,82",Neuronal dysfunction,868,PMC3920964__cddis2013410f5.jpg,,989,787,test,test,1,static/imgs/validation/,Stuart
47261,868,5584,866,"279,949,248,39",Neurodegeneration,868,PMC3920964__cddis2013410f5.jpg,,989,787,test,test,1,static/imgs/validation/,Stuart
42672,893,,891,"629,426,91,17",MTORC1,893,PMC5404978__nihms860625f10.jpg,,919,800,test,test,1,static/imgs/validation/,Stuart
42673,893,,891,"450,460,33,11",S555,893,PMC5404978__nihms860625f10.jpg,,919,800,test,test,1,static/imgs/validation/,Stuart
42674,893,23987,891,"208,502,34,13",S164,893,PMC5404978__nihms860625f10.jpg,,919,800,test,test,1,static/imgs/validation/,Stuart
42676,893,,891,"21,517,85,17", 14-3-3theta,893,PMC5404978__nihms860625f10.jpg,,919,800,test,test,1,static/imgs/validation/,Stuart
42677,893,,891,"531,542,33,10",S757,893,PMC5404978__nihms860625f10.jpg,,919,800,test,test,1,static/imgs/validation/,Stuart
42678,893,22008,891,"148,545,74,17",PIK3C3,893,PMC5404978__nihms860625f10.jpg,,919,800,test,test,1,static/imgs/validation/,Stuart
42679,893,1633,891,"50,565,68,16",ATG14,893,PMC5404978__nihms860625f10.jpg,,919,800,test,test,1,static/imgs/validation/,Stuart
42680,893,25683,891,"294,565,25,11",S93,893,PMC5404978__nihms860625f10.jpg,,919,800,test,test,1,static/imgs/validation/,Stuart
42681,893,2077,891,"214,596,70,17",BECN1,893,PMC5404978__nihms860625f10.jpg,,919,800,test,test,1,static/imgs/validation/,Stuart
42682,893,817,891,"87,608,98,17",AMBRA1,893,PMC5404978__nihms860625f10.jpg,,919,800,test,test,1,static/imgs/validation/,Stuart
42683,893,23310,891,"290,626,32,14",S14,893,PMC5404978__nihms860625f10.jpg,,919,800,test,test,1,static/imgs/validation/,Stuart
42684,893,33054,891,"103,878,91,19",SQSTM1,893,PMC5404978__nihms860625f10.jpg,,919,800,test,test,1,static/imgs/validation/,Stuart
42685,893,,891,"291,878,51,16",LC3B,893,PMC5404978__nihms860625f10.jpg,,919,800,test,test,1,static/imgs/validation/,Stuart
42686,893,1623,891,"438,876,55,16",ATG7,893,PMC5404978__nihms860625f10.jpg,,919,800,test,test,1,static/imgs/validation/,Stuart
47262,893,5584,891,"311,8,84,40",EtOH,893,PMC5404978__nihms860625f10.jpg,,919,800,test,test,1,static/imgs/validation/,Stuart
47263,893,8766,891,"297,158,108,64",FoxO1,893,PMC5404978__nihms860625f10.jpg,,919,800,test,test,1,static/imgs/validation/,Stuart
47264,893,22963,891,"305,337,96,49",AMPK,893,PMC5404978__nihms860625f10.jpg,,919,800,test,test,1,static/imgs/validation/,Stuart
47265,893,5584,891,"461,488,83,38",ULK 1,893,PMC5404978__nihms860625f10.jpg,,919,800,test,test,1,static/imgs/validation/,Stuart
43629,912,10583,910,"459,38,91,20",HIF1A,912,PMC6643126__ijmsv16p0960g005.jpg,,596,728,test,test,1,static/imgs/validation/,Ziting
43632,912,29837,910,"448,208,95,25",P70S6KB,912,PMC6643126__ijmsv16p0960g005.jpg,,596,728,test,test,1,static/imgs/validation/,Ziting
43633,912,22205,910,"470,361,76,18",PKM2,912,PMC6643126__ijmsv16p0960g005.jpg,,596,728,test,test,1,static/imgs/validation/,Ziting
43636,912,12586,910,"491,532,32,11",EMT,912,PMC6643126__ijmsv16p0960g005.jpg,,596,728,test,test,1,static/imgs/validation/,Ziting
47522,912,,910,"45,108,155,36",metformin,912,PMC6643126__ijmsv16p0960g005.jpg,,596,728,test,test,1,static/imgs/validation/,Ziting
43836,918,31281,916,"135,8,60,22",SHH,918,PMC2659383__bpa0019-0132-f3.jpg,,458,400,test,test,1,static/imgs/validation/,Joshua
43839,918,32037,916,"204,114,49,15",SMO,918,PMC2659383__bpa0019-0132-f3.jpg,,458,400,test,test,1,static/imgs/validation/,Joshua
43840,918,9564,916,"58,219,39,16",GLI,918,PMC2659383__bpa0019-0132-f3.jpg,,458,400,test,test,1,static/imgs/validation/,Joshua
43841,918,33473,916,"133,209,55,15",SUFU,918,PMC2659383__bpa0019-0132-f3.jpg,,458,400,test,test,1,static/imgs/validation/,Joshua
43842,918,9564,916,"151,301,37,14",GLI,918,PMC2659383__bpa0019-0132-f3.jpg,,458,400,test,test,1,static/imgs/validation/,Joshua
43843,918,18696,916,"267,302,38,16",MYC,918,PMC2659383__bpa0019-0132-f3.jpg,,458,400,test,test,1,static/imgs/validation/,Joshua
43844,918,,916,"8,388,74,-15",CYTOSOL,918,PMC2659383__bpa0019-0132-f3.jpg,,458,400,test,test,1,static/imgs/validation/,Joshua
43845,918,,916,"32,426,75,-25",NUCLEUS,918,PMC2659383__bpa0019-0132-f3.jpg,,458,400,test,test,1,static/imgs/validation/,Joshua
47251,918,23370,916,"150,81,29,77",PTCH,918,PMC2659383__bpa0019-0132-f3.jpg,,458,400,test,test,1,static/imgs/validation/,Joshua
47334,918,,916,"161,425,126,24",Target genes,918,PMC2659383__bpa0019-0132-f3.jpg,,458,400,test,test,1,static/imgs/validation/,Joshua
47335,918,,916,"270,1,128,47",Cyclopamine HhAntag,918,PMC2659383__bpa0019-0132-f3.jpg,,458,400,test,test,1,static/imgs/validation/,Joshua
44177,926,8501,924,"32,44,43,18",FFA,926,PMC4536527__srep13092-f8.jpg,,594,787,test,test,1,static/imgs/validation/,Yijie
44178,926,,924,"602,40,146,22",CHONDROCYTE,926,PMC4536527__srep13092-f8.jpg,,594,787,test,test,1,static/imgs/validation/,Yijie
44179,926,34376,924,"444,62,57,16",TLR4,926,PMC4536527__srep13092-f8.jpg,,594,787,test,test,1,static/imgs/validation/,Yijie
44180,926,,924,"2,111,76,17",LACTATE,926,PMC4536527__srep13092-f8.jpg,,594,787,test,test,1,static/imgs/validation/,Yijie
44181,926,13719,924,"440,221,73,18",LDHA,926,PMC4536527__srep13092-f8.jpg,,594,787,test,test,1,static/imgs/validation/,Yijie
44182,926,,924,"430,291,105,19",LACTATE,926,PMC4536527__srep13092-f8.jpg,,594,787,test,test,1,static/imgs/validation/,Yijie
44183,926,12236,924,"723,330,37,16",IL-6,926,PMC4536527__srep13092-f8.jpg,,594,787,test,test,1,static/imgs/validation/,Yijie
44188,926,37194,924,"513,467,64,17",VEGF,926,PMC4536527__srep13092-f8.jpg,,594,787,test,test,1,static/imgs/validation/,Yijie
44189,926,80,924,"118,492,40,22",ND,926,PMC4536527__srep13092-f8.jpg,,594,787,test,test,1,static/imgs/validation/,Yijie
44190,926,713,924,"283,491,59,24",HFD,926,PMC4536527__srep13092-f8.jpg,,594,787,test,test,1,static/imgs/validation/,Yijie
44191,926,,924,"105,558,68,22",LEAN,926,PMC4536527__srep13092-f8.jpg,,594,787,test,test,1,static/imgs/validation/,Yijie
44192,926,,924,"268,557,93,22",OBESE,926,PMC4536527__srep13092-f8.jpg,,594,787,test,test,1,static/imgs/validation/,Yijie
44193,926,,924,"582,557,201,22",OSTEOARTHRITIS,926,PMC4536527__srep13092-f8.jpg,,594,787,test,test,1,static/imgs/validation/,Yijie
47381,926,,924,"716,378,64,27",IL-1 B,926,PMC4536527__srep13092-f8.jpg,,594,787,test,test,1,static/imgs/validation/,Yijie
47382,926,,924,"715,349,70,26",TNF A,926,PMC4536527__srep13092-f8.jpg,,594,787,test,test,1,static/imgs/validation/,Yijie
47383,926,,924,"490,362,72,26",HIF1 A,926,PMC4536527__srep13092-f8.jpg,,594,787,test,test,1,static/imgs/validation/,Yijie
47384,926,,924,"142,-1,154,24",BLOOD VESSEL,926,PMC4536527__srep13092-f8.jpg,,594,787,test,test,1,static/imgs/validation/,Yijie
44616,932,,930,"86,42,105,31", DLC-1,932,PMC3789177__cddis2013319f6.jpg,,1074,668,test,test,1,static/imgs/validation/,Joshua
44617,932,,930,"274,172,92,30",KRI-1,932,PMC3789177__cddis2013319f6.jpg,,1074,668,test,test,1,static/imgs/validation/,Joshua
44618,932,199,930,"632,160,35,29",IR,932,PMC3789177__cddis2013319f6.jpg,,1074,668,test,test,1,static/imgs/validation/,Joshua
44619,932,,930,"395,354,107,33", CEP-1,932,PMC3789177__cddis2013319f6.jpg,,1074,668,test,test,1,static/imgs/validation/,Joshua
44620,932,,930,"34,508,115,28",LIN-35,932,PMC3789177__cddis2013319f6.jpg,,1074,668,test,test,1,static/imgs/validation/,Joshua
44621,932,,930,"242,506,263,31",EGL-1/CED-13,932,PMC3789177__cddis2013319f6.jpg,,1074,668,test,test,1,static/imgs/validation/,Joshua
44622,932,,930,"140,628,115,32",CED-9,932,PMC3789177__cddis2013319f6.jpg,,1074,668,test,test,1,static/imgs/validation/,Joshua
44623,932,,930,"460,678,154,33",GERMLINE,932,PMC3789177__cddis2013319f6.jpg,,1074,668,test,test,1,static/imgs/validation/,Joshua
44624,932,,930,"140,764,113,30", CED-4,932,PMC3789177__cddis2013319f6.jpg,,1074,668,test,test,1,static/imgs/validation/,Joshua
44625,932,,930,"140,904,115,29",CED-3,932,PMC3789177__cddis2013319f6.jpg,,1074,668,test,test,1,static/imgs/validation/,Joshua
44626,932,,930,"100,1036,171,36",APOPTOSIS,932,PMC3789177__cddis2013319f6.jpg,,1074,668,test,test,1,static/imgs/validation/,Joshua
47336,932,,930,"366,6,244,38",Somatic Cells,932,PMC3789177__cddis2013319f6.jpg,,1074,668,test,test,1,static/imgs/validation/,Joshua
46485,975,12237,973,"459,106,20,7",IL6R,975,PMC6307990__gr7.jpg,,492,768,test,test,1,static/imgs/validation/,Stuart
46487,975,,973,"290,211,42,12",P-STAT3,975,PMC6307990__gr7.jpg,,492,768,test,test,1,static/imgs/validation/,Stuart
46488,975,11604,973,"451,233,22,12",IDO1,975,PMC6307990__gr7.jpg,,492,768,test,test,1,static/imgs/validation/,Stuart
46489,975,,973,"510,244,65,15",KYNURENINE,975,PMC6307990__gr7.jpg,,492,768,test,test,1,static/imgs/validation/,Stuart
46490,975,,973,"129,285,40,7",INVASION,975,PMC6307990__gr7.jpg,,492,768,test,test,1,static/imgs/validation/,Stuart
46491,975,,973,"11,288,46,9",MIGRATION,975,PMC6307990__gr7.jpg,,492,768,test,test,1,static/imgs/validation/,Stuart
46492,975,12586,973,"77,288,19,7",EMT,975,PMC6307990__gr7.jpg,,492,768,test,test,1,static/imgs/validation/,Stuart
46493,975,,973,"225,373,47,14",P-STAT3,975,PMC6307990__gr7.jpg,,492,768,test,test,1,static/imgs/validation/,Stuart
46494,975,,973,"93,374,26,6", PD-L1,975,PMC6307990__gr7.jpg,,492,768,test,test,1,static/imgs/validation/,Stuart
46495,975,11604,973,"339,379,26,7",IDO1,975,PMC6307990__gr7.jpg,,492,768,test,test,1,static/imgs/validation/,Stuart
47534,975,12236,973,"447,4,27,12",IL6,975,PMC6307990__gr7.jpg,,492,768,test,test,1,static/imgs/validation/,Stuart
47535,975,12236,973,"632,17,24,14",IL6,975,PMC6307990__gr7.jpg,,492,768,test,test,1,static/imgs/validation/,Stuart
47536,975,12236,973,"402,7,21,17",IL6,975,PMC6307990__gr7.jpg,,492,768,test,test,1,static/imgs/validation/,Stuart
47537,975,12236,973,"415,374,18,14",IL6,975,PMC6307990__gr7.jpg,,492,768,test,test,1,static/imgs/validation/,Stuart
47539,975,,973,"420,174,63,17",Tryptophan,975,PMC6307990__gr7.jpg,,492,768,test,test,1,static/imgs/validation/,Stuart
46535,977,22890,975,"660,98,37,22",PM,977,PMC3946494__nihms540696f6.jpg,,609,714,test,test,1,static/imgs/validation/,Stuart
46536,977,22009,975,"438,126,36,12",PI3K,977,PMC3946494__nihms540696f6.jpg,,609,714,test,test,1,static/imgs/validation/,Stuart
46537,977,,975,"546,185,46,14",PAKT,977,PMC3946494__nihms540696f6.jpg,,609,714,test,test,1,static/imgs/validation/,Stuart
46538,977,,975,"338,179,34,14", AKT,977,PMC3946494__nihms540696f6.jpg,,609,714,test,test,1,static/imgs/validation/,Stuart
46543,977,,975,"392,399,48,14", NF-KB,977,PMC3946494__nihms540696f6.jpg,,609,714,test,test,1,static/imgs/validation/,Stuart
46547,977,,975,"394,529,60,17", NF-KB,977,PMC3946494__nihms540696f6.jpg,,609,714,test,test,1,static/imgs/validation/,Stuart
47266,977,18642,975,"235,20,40,102",MUC4,977,PMC3946494__nihms540696f6.jpg,,609,714,test,test,1,static/imgs/validation/,Stuart
47267,977,7425,975,"285,21,42,93",HER2,977,PMC3946494__nihms540696f6.jpg,,609,714,test,test,1,static/imgs/validation/,Stuart
47268,977,5584,975,"339,105,28,26",P,977,PMC3946494__nihms540696f6.jpg,,609,714,test,test,1,static/imgs/validation/,Stuart
47269,977,5584,975,"251,466,98,46",Lipcalin 2 Transcription,977,PMC3946494__nihms540696f6.jpg,,609,714,test,test,1,static/imgs/validation/,Stuart
47270,977,34266,975,"507,509,45,39",N,977,PMC3946494__nihms540696f6.jpg,,609,714,test,test,1,static/imgs/validation/,Stuart
47271,977,5584,975,"362,235,58,47",IKB,977,PMC3946494__nihms540696f6.jpg,,609,714,test,test,1,static/imgs/validation/,Stuart
47272,977,5584,975,"311,344,60,36",pIKB,977,PMC3946494__nihms540696f6.jpg,,609,714,test,test,1,static/imgs/validation/,Stuart
47540,977,,975,"404,224,54,54",NF-kB,977,PMC3946494__nihms540696f6.jpg,,609,714,test,test,1,static/imgs/validation/,Stuart
47125,987,19547,985,"509,49,63,21",NOS1,987,PMC6451008__41419_2019_1542_Fig1_HTML.jpg,,728,633,test,test,1,static/imgs/validation/,Yijie
47128,987,86,985,"396,108,27,14",NO,987,PMC6451008__41419_2019_1542_Fig1_HTML.jpg,,728,633,test,test,1,static/imgs/validation/,Yijie
47129,987,,985,"217,141,121,18",SNO-PTEN,987,PMC6451008__41419_2019_1542_Fig1_HTML.jpg,,728,633,test,test,1,static/imgs/validation/,Yijie
47130,987,23385,985,"515,144,58,22",PTEN,987,PMC6451008__41419_2019_1542_Fig1_HTML.jpg,,728,633,test,test,1,static/imgs/validation/,Yijie
47131,987,,985,"150,146,33,11",CYS83,987,PMC6451008__41419_2019_1542_Fig1_HTML.jpg,,728,633,test,test,1,static/imgs/validation/,Yijie
47132,987,,985,"260,252,48,16", AKT,987,PMC6451008__41419_2019_1542_Fig1_HTML.jpg,,728,633,test,test,1,static/imgs/validation/,Yijie
47133,987,18596,985,"246,369,71,17",MTOR,987,PMC6451008__41419_2019_1542_Fig1_HTML.jpg,,728,633,test,test,1,static/imgs/validation/,Yijie
47135,987,,985,"227,492,130,24",AUTOPHAGY,987,PMC6451008__41419_2019_1542_Fig1_HTML.jpg,,728,633,test,test,1,static/imgs/validation/,Yijie
47385,987,,985,"474,91,117,25",PDZ DOMAIN,987,PMC6451008__41419_2019_1542_Fig1_HTML.jpg,,728,633,test,test,1,static/imgs/validation/,Yijie